{
"lengthUnit": "mil",
"components": {
	"fields": ["COMPONENT_NO", "COMPONENT_NAME", "LAYER", "X_COORDINATE", "Y_COORDINATE", "ANGLE"],
	"rows": [
		[1, "C66", "T", 3115, -1855, 90],
		[2, "C67", "T", 2585, -1860, 270],
		[3, "C69", "T", 3000, -1860, 90],
		[4, "C70", "T", 2700, -1860, 270],
		[5, "C110", "T", 2435, -915, 180],
		[6, "C111", "T", 2840, -1705, 0],
		[7, "C112", "T", 2805, -1475, 180],
		[8, "C113", "T", 2320, -660, 0],
		[9, "C114", "B", 1850, -1695, 180],
		[10, "C115", "B", 670, -1665, 0],
		[11, "C116", "B", 670, -2920, 0],
		[12, "C117", "B", 1860, -2940, 180],
		[13, "C118", "B", 2125, -2770, 180],
		[14, "C119", "B", 105, -3025, 270],
		[15, "C120", "B", 460, -2880, 180],
		[16, "C121", "B", 2300, -3150, 0],
		[17, "C122", "B", 450, -1440, 180],
		[18, "C123", "B", 120, -1675, 0],
		[19, "C124", "B", 2395, -1435, 180],
		[20, "C125", "B", 2055, -1700, 0],
		[21, "C126", "B", 485, -1580, 90],
		[22, "C127", "B", 2060, -1510, 270],
		[23, "C128", "B", 670, -3045, 0],
		[24, "C129", "B", 2180, -3250, 0],
		[25, "CN5", "T", 1005, -3540, 0],
		[26, "CN6", "T", 3281.81, -3395, 270],
		[27, "CN7", "T", 2770, -3395, 270],
		[28, "CN8", "T", 2770, -2410, 270],
		[29, "CN9", "T", 3281.81, -2410, 270],
		[30, "CN10", "T", 1965, -3540, 0],
		[31, "D1", "B", 675, -1575, 0],
		[32, "D2", "B", 1850, -1575, 180],
		[33, "D3", "B", 680, -2820, 0],
		[34, "D4", "B", 1855, -2820, 180],
		[35, "DC1", "T", 1265, -210, 0],
		[36, "L2", "T", 2805, -1200, 180],
		[37, "LED1", "T", 244.71, -1785.58, 90],
		[38, "LED2", "T", 2264.71, -1785.58, 90],
		[39, "LED3", "T", 365.44, -3161.26, 180],
		[40, "LED4", "T", 2134.17, -3161.06, 0],
		[41, "P2", "T", 300, -1200, 90],
		[42, "P3", "T", 2212.13, -1196.1, 270],
		[43, "P4", "T", 322.48, -2450.12, 90],
		[44, "P5", "T", 2212.13, -2446.4, 270],
		[45, "P6", "T", 3780, -2410, 90],
		[46, "P7", "T", 3780, -3360, 90],
		[47, "P8", "T", 2770, -120, 0],
		[48, "P9", "T", 3205, -120, 0],
		[49, "P10", "T", 3780, -580, 90],
		[50, "Q1", "T", 1069.63, -787.4, 270],
		[51, "Q2", "T", 1066.3, -1338.58, 270],
		[52, "Q3", "T", 674.29, -787.4, 270],
		[53, "Q4", "T", 669.29, -1338.58, 270],
		[54, "Q5", "T", 1464.97, -787.4, 270],
		[55, "Q6", "T", 1463.31, -1338.58, 270],
		[56, "Q7", "T", 1860.32, -787.4, 270],
		[57, "Q8", "T", 1860.32, -1338.58, 270],
		[58, "Q9", "T", 1066.3, -2034.76, 270],
		[59, "Q10", "T", 1066.3, -2585.94, 270],
		[60, "Q11", "T", 669.29, -2034.76, 270],
		[61, "Q12", "T", 669.29, -2585.94, 270],
		[62, "Q13", "T", 1463.31, -2034.76, 270],
		[63, "Q14", "T", 1463.31, -2585.94, 270],
		[64, "Q15", "T", 1860.32, -2034.76, 270],
		[65, "Q16", "T", 1860.32, -2585.94, 270],
		[66, "Q17", "T", 3647.9, -1230, 0],
		[67, "Q18", "T", 3647.9, -1495, 0],
		[68, "R1", "B", 355, -1785, 0],
		[69, "R01", "T", 244.71, -1982.43, 90],
		[70, "R2", "B", 2205, -1435, 180],
		[71, "R02", "T", 2264.71, -1982.43, 90],
		[72, "R03", "T", 562.29, -3164.7, 180],
		[73, "R3", "B", 235, -3180, 0],
		[74, "R4", "B", 1965, -2995, 270],
		[75, "R04", "T", 1937.32, -3164.7, 0],
		[76, "R6", "B", 1545.39, -1720, 90],
		[77, "R7", "B", 995, -1720, 90],
		[78, "R8", "B", 995, -1585, 270],
		[79, "R9", "B", 1545.39, -2865, 270],
		[80, "R10", "B", 1545.39, -3000.91, 90],
		[81, "R11", "B", 995, -3000.91, 90],
		[82, "R12", "B", 995, -2865, 270],
		[83, "R17", "B", 1545.39, -1585, 270],
		[84, "R25", "T", 3506.9, -1313.25, 0],
		[85, "R26", "T", 3506.9, -1195, 0],
		[86, "R27", "T", 3506.9, -1581.81, 0],
		[87, "R28", "T", 3506.9, -1460, 0],
		[88, "SCREW1", "T", 3830, -3740, 0],
		[89, "SCREW2", "T", 3830, -50, 0],
		[90, "SCREW3", "T", 140, -3740, 0],
		[91, "SCREW4", "T", 140, -50, 0],
		[92, "TB6612%E5%8F%B31", "T", 3869.49, -1420, 90],
		[93, "TB6612%E5%B7%A61", "T", 3275, -1420, 270],
		[94, "U2", "B", 295, -1580, 270],
		[95, "U3", "B", 2214.02, -1580, 90],
		[96, "U4", "B", 275.59, -3010, 270],
		[97, "U5", "B", 2213.77, -2990.57, 180],
		[98, "U6", "T", 765, -185, 180],
		[99, "U7", "B", 1264.06, -1641.1, 270],
		[100, "U8", "B", 1264.06, -2890, 270],
		[101, "U41", "T", 2805, -750, 90],
		[102, "U54", "T", 2535, -2150, 270],
		[103, "U55", "T", 2535, -2530, 270],
		[104, "U56", "T", 2535, -3135, 270],
		[105, "U57", "T", 2535, -3515, 270],
		[106, "U58", "T", 1930, -215, 270],
		[107, "U69", "T", 2841.26, -1860.4, 0],
		[108, "U70", "T", 300, -705, 270]
	]
},
"pins": {
	"fields": ["PIN_NO", "PIN_NAME", "PIN_X", "PIN_Y", "LAYER", "PIN_TYPE", "NET_NAME", "NET_TYPE", "PAD_SHAPE", "PAD_SIZEX", "PAD_SIZEY", "HOLE_SIZE", "PAD_ANGLE"],
	"rows": [
		[1, "C66_1", 3115, -1882.56, "T", "SMD", "GND", "GND", "R", 31.5, 35.43, 0, 90],
		[2, "C66_2", 3115, -1827.44, "T", "SMD", "VCC_5V", "", "R", 31.5, 35.43, 0, 90],
		[3, "C67_1", 2585, -1832.44, "T", "SMD", "GND", "GND", "R", 31.5, 35.43, 0, 270],
		[4, "C67_2", 2585, -1887.56, "T", "SMD", "3V3", "", "R", 31.5, 35.43, 0, 270],
		[5, "C69_1", 3000, -1887.56, "T", "SMD", "GND", "GND", "R", 31.5, 35.43, 0, 90],
		[6, "C69_2", 3000, -1832.44, "T", "SMD", "VCC_5V", "", "R", 31.5, 35.43, 0, 90],
		[7, "C70_1", 2700, -1832.44, "T", "SMD", "GND", "GND", "R", 31.5, 35.43, 0, 270],
		[8, "C70_2", 2700, -1887.56, "T", "SMD", "3V3", "", "R", 31.5, 35.43, 0, 270],
		[9, "C110_1", 2462.56, -915, "T", "SMD", "GND", "GND", "R", 31.5, 35.43, 0, 180],
		[10, "C110_2", 2407.44, -915, "T", "SMD", "VCC_IN", "", "R", 31.5, 35.43, 0, 180],
		[11, "C111_1", 2812.44, -1705, "T", "SMD", "GND", "GND", "R", 31.5, 35.43, 0, 0],
		[12, "C111_2", 2867.56, -1705, "T", "SMD", "VCC_5V", "", "R", 31.5, 35.43, 0, 0],
		[13, "C112_1", 2910.12, -1475, "T", "SMD", "VCC_5V", "", "R", 137.79, 47.24, 0, 180],
		[14, "C112_2", 2699.88, -1475, "T", "SMD", "GND", "GND", "R", 137.79, 47.24, 0, 180],
		[15, "C113_1", 2178.41, -660, "T", "SMD", "VCC_IN", "", "R", 169.29, 49.61, 0, 0],
		[16, "C113_2", 2461.59, -660, "T", "SMD", "GND", "GND", "R", 169.29, 49.61, 0, 0],
		[17, "C114_1", 1877.56, -1695, "B", "SMD", "$1N3047", "", "R", 31.5, 35.43, 0, 180],
		[18, "C114_2", 1822.44, -1695, "B", "SMD", "GND", "GND", "R", 31.5, 35.43, 0, 180],
		[19, "C115_1", 642.44, -1665, "B", "SMD", "$1N513", "", "R", 31.5, 35.43, 0, 0],
		[20, "C115_2", 697.56, -1665, "B", "SMD", "GND", "GND", "R", 31.5, 35.43, 0, 0],
		[21, "C116_1", 642.44, -2920, "B", "SMD", "$1N5130", "", "R", 31.5, 35.43, 0, 0],
		[22, "C116_2", 697.56, -2920, "B", "SMD", "GND", "GND", "R", 31.5, 35.43, 0, 0],
		[23, "C117_1", 1887.56, -2940, "B", "SMD", "$1N5116", "", "R", 31.5, 35.43, 0, 180],
		[24, "C117_2", 1832.44, -2940, "B", "SMD", "GND", "GND", "R", 31.5, 35.43, 0, 180],
		[25, "C118_1", 2152.56, -2770, "B", "SMD", "GND", "GND", "R", 31.5, 35.43, 0, 180],
		[26, "C118_2", 2097.44, -2770, "B", "SMD", "$1N5118", "", "R", 31.5, 35.43, 0, 180],
		[27, "C119_1", 105, -2997.44, "B", "SMD", "GND", "GND", "R", 31.5, 35.43, 0, 270],
		[28, "C119_2", 105, -3052.56, "B", "SMD", "$1N5125", "", "R", 31.5, 35.43, 0, 270],
		[29, "C120_1", 487.56, -2880, "B", "SMD", "$1N5129", "", "R", 31.5, 35.43, 0, 180],
		[30, "C120_2", 432.44, -2880, "B", "SMD", "$1N5130", "", "R", 31.5, 35.43, 0, 180],
		[31, "C121_1", 2272.44, -3150, "B", "SMD", "$1N5115", "", "R", 31.5, 35.43, 0, 0],
		[32, "C121_2", 2327.56, -3150, "B", "SMD", "$1N5116", "", "R", 31.5, 35.43, 0, 0],
		[33, "C122_1", 477.56, -1440, "B", "SMD", "$1N823", "", "R", 31.5, 35.43, 0, 180],
		[34, "C122_2", 422.44, -1440, "B", "SMD", "$1N513", "", "R", 31.5, 35.43, 0, 180],
		[35, "C123_1", 92.44, -1675, "B", "SMD", "GND", "GND", "R", 31.5, 35.43, 0, 0],
		[36, "C123_2", 147.56, -1675, "B", "SMD", "$1N967", "", "R", 31.5, 35.43, 0, 0],
		[37, "C124_1", 2422.56, -1435, "B", "SMD", "GND", "GND", "R", 31.5, 35.43, 0, 180],
		[38, "C124_2", 2367.44, -1435, "B", "SMD", "$1N3044", "", "R", 31.5, 35.43, 0, 180],
		[39, "C125_1", 2027.44, -1700, "B", "SMD", "$1N3042", "", "R", 31.5, 35.43, 0, 0],
		[40, "C125_2", 2082.56, -1700, "B", "SMD", "$1N3047", "", "R", 31.5, 35.43, 0, 0],
		[41, "C126_1", 485, -1607.56, "B", "SMD", "$1N858", "", "R", 31.5, 35.43, 0, 90],
		[42, "C126_2", 485, -1552.44, "B", "SMD", "$1N854", "", "R", 31.5, 35.43, 0, 90],
		[43, "C127_1", 2060, -1482.44, "B", "SMD", "$1N3043", "", "R", 31.5, 35.43, 0, 270],
		[44, "C127_2", 2060, -1537.56, "B", "SMD", "$1N3041", "", "R", 31.5, 35.43, 0, 270],
		[45, "C128_1", 642.44, -3045, "B", "SMD", "$1N5127", "", "R", 31.5, 35.43, 0, 0],
		[46, "C128_2", 697.56, -3045, "B", "SMD", "$1N5128", "", "R", 31.5, 35.43, 0, 0],
		[47, "C129_1", 2152.44, -3250, "B", "SMD", "$1N5114", "", "R", 31.5, 35.43, 0, 0],
		[48, "C129_2", 2207.56, -3250, "B", "SMD", "$1N5113", "", "R", 31.5, 35.43, 0, 0],
		[49, "CN5_1", 562.09, -3540.03, "T", "DIP", "PH_IN-1", "", "R", 70.87, 70.87, 43.31, 180],
		[50, "CN5_1", 562.09, -3540.03, "B", "DIP", "PH_IN-1", "", "R", 70.87, 70.87, 43.31, 180],
		[51, "CN5_2", 660.43, -3539.97, "T", "DIP", "PH_IN-2", "", "C", 70.87, 70.87, 43.31, 180],
		[52, "CN5_2", 660.43, -3539.97, "B", "DIP", "PH_IN-2", "", "C", 70.87, 70.87, 43.31, 180],
		[53, "CN5_3", 758.94, -3540.03, "T", "DIP", "PH_IN-3", "", "C", 70.87, 70.87, 43.31, 180],
		[54, "CN5_3", 758.94, -3540.03, "B", "DIP", "PH_IN-3", "", "C", 70.87, 70.87, 43.31, 180],
		[55, "CN5_4", 857.36, -3540.03, "T", "DIP", "PH_IN-4", "", "C", 70.87, 70.87, 43.31, 180],
		[56, "CN5_4", 857.36, -3540.03, "B", "DIP", "PH_IN-4", "", "C", 70.87, 70.87, 43.31, 180],
		[57, "CN5_5", 955.79, -3540.03, "T", "DIP", "EN_IN-1", "", "C", 70.87, 70.87, 43.31, 180],
		[58, "CN5_5", 955.79, -3540.03, "B", "DIP", "EN_IN-1", "", "C", 70.87, 70.87, 43.31, 180],
		[59, "CN5_6", 1054.21, -3540.03, "T", "DIP", "EN_IN-2", "", "C", 70.87, 70.87, 43.31, 180],
		[60, "CN5_6", 1054.21, -3540.03, "B", "DIP", "EN_IN-2", "", "C", 70.87, 70.87, 43.31, 180],
		[61, "CN5_7", 1152.64, -3540.03, "T", "DIP", "EN_IN-3", "", "C", 70.87, 70.87, 43.31, 180],
		[62, "CN5_7", 1152.64, -3540.03, "B", "DIP", "EN_IN-3", "", "C", 70.87, 70.87, 43.31, 180],
		[63, "CN5_8", 1251.06, -3539.99, "T", "DIP", "EN_IN-4", "", "C", 70.87, 70.87, 43.31, 180],
		[64, "CN5_8", 1251.06, -3539.99, "B", "DIP", "EN_IN-4", "", "C", 70.87, 70.87, 43.31, 180],
		[65, "CN5_9", 1349.49, -3540, "T", "DIP", "VCC_5V", "", "C", 70.87, 70.87, 43.31, 180],
		[66, "CN5_9", 1349.49, -3540, "B", "DIP", "VCC_5V", "", "C", 70.87, 70.87, 43.31, 180],
		[67, "CN5_10", 1447.91, -3540, "T", "DIP", "GND", "GND", "C", 70.87, 70.87, 43.31, 180],
		[68, "CN5_10", 1447.91, -3540, "B", "DIP", "GND", "GND", "C", 70.87, 70.87, 43.31, 180],
		[69, "CN6_1", 3281.81, -3045, "T", "DIP", "VCC_IN", "", "C", 60, 60, 36, 270],
		[70, "CN6_1", 3281.81, -3045, "B", "DIP", "VCC_IN", "", "C", 60, 60, 36, 270],
		[71, "CN6_2", 3281.81, -3145, "T", "DIP", "GND", "GND", "C", 60, 60, 36, 270],
		[72, "CN6_2", 3281.81, -3145, "B", "DIP", "GND", "GND", "C", 60, 60, 36, 270],
		[73, "CN6_3", 3281.81, -3245, "T", "DIP", "M1B2", "", "C", 60, 60, 36, 270],
		[74, "CN6_3", 3281.81, -3245, "B", "DIP", "M1B2", "", "C", 60, 60, 36, 270],
		[75, "CN6_4", 3281.81, -3345, "T", "DIP", "M1A2", "", "C", 60, 60, 36, 270],
		[76, "CN6_4", 3281.81, -3345, "B", "DIP", "M1A2", "", "C", 60, 60, 36, 270],
		[77, "CN6_5", 3281.81, -3445, "T", "DIP", "M2A2", "", "C", 60, 60, 36, 270],
		[78, "CN6_5", 3281.81, -3445, "B", "DIP", "M2A2", "", "C", 60, 60, 36, 270],
		[79, "CN6_6", 3281.81, -3545, "T", "DIP", "M2B2", "", "C", 60, 60, 36, 270],
		[80, "CN6_6", 3281.81, -3545, "B", "DIP", "M2B2", "", "C", 60, 60, 36, 270],
		[81, "CN6_7", 3281.81, -3645, "T", "DIP", "CN6_7", "", "C", 60, 60, 36, 270],
		[82, "CN6_7", 3281.81, -3645, "B", "DIP", "CN6_7", "", "C", 60, 60, 36, 270],
		[83, "CN6_8", 3281.81, -3745, "T", "DIP", "CN6_8", "", "C", 60, 60, 36, 270],
		[84, "CN6_8", 3281.81, -3745, "B", "DIP", "CN6_8", "", "C", 60, 60, 36, 270],
		[85, "CN7_1", 2770, -3045, "T", "DIP", "EN2", "", "C", 60, 60, 36, 270],
		[86, "CN7_1", 2770, -3045, "B", "DIP", "EN2", "", "C", 60, 60, 36, 270],
		[87, "CN7_2", 2770, -3145, "T", "DIP", "MS12", "", "C", 60, 60, 36, 270],
		[88, "CN7_2", 2770, -3145, "B", "DIP", "MS12", "", "C", 60, 60, 36, 270],
		[89, "CN7_3", 2770, -3245, "T", "DIP", "MS22", "", "C", 60, 60, 36, 270],
		[90, "CN7_3", 2770, -3245, "B", "DIP", "MS22", "", "C", 60, 60, 36, 270],
		[91, "CN7_4", 2770, -3345, "T", "DIP", "CN7_4", "", "C", 60, 60, 36, 270],
		[92, "CN7_4", 2770, -3345, "B", "DIP", "CN7_4", "", "C", 60, 60, 36, 270],
		[93, "CN7_5", 2770, -3445, "T", "DIP", "CN7_5", "", "C", 60, 60, 36, 270],
		[94, "CN7_5", 2770, -3445, "B", "DIP", "CN7_5", "", "C", 60, 60, 36, 270],
		[95, "CN7_6", 2770, -3545, "T", "DIP", "CN7_6", "", "C", 60, 60, 36, 270],
		[96, "CN7_6", 2770, -3545, "B", "DIP", "CN7_6", "", "C", 60, 60, 36, 270],
		[97, "CN7_7", 2770, -3645, "T", "DIP", "PC9", "", "C", 60, 60, 36, 270],
		[98, "CN7_7", 2770, -3645, "B", "DIP", "PC9", "", "C", 60, 60, 36, 270],
		[99, "CN7_8", 2770, -3745, "T", "DIP", "DIR2", "", "C", 60, 60, 36, 270],
		[100, "CN7_8", 2770, -3745, "B", "DIP", "DIR2", "", "C", 60, 60, 36, 270],
		[101, "CN8_1", 2770, -2060, "T", "DIP", "EN1", "", "C", 60, 60, 36, 270],
		[102, "CN8_1", 2770, -2060, "B", "DIP", "EN1", "", "C", 60, 60, 36, 270],
		[103, "CN8_2", 2770, -2160, "T", "DIP", "MS11", "", "C", 60, 60, 36, 270],
		[104, "CN8_2", 2770, -2160, "B", "DIP", "MS11", "", "C", 60, 60, 36, 270],
		[105, "CN8_3", 2770, -2260, "T", "DIP", "MS21", "", "C", 60, 60, 36, 270],
		[106, "CN8_3", 2770, -2260, "B", "DIP", "MS21", "", "C", 60, 60, 36, 270],
		[107, "CN8_4", 2770, -2360, "T", "DIP", "CN8_4", "", "C", 60, 60, 36, 270],
		[108, "CN8_4", 2770, -2360, "B", "DIP", "CN8_4", "", "C", 60, 60, 36, 270],
		[109, "CN8_5", 2770, -2460, "T", "DIP", "CN8_5", "", "C", 60, 60, 36, 270],
		[110, "CN8_5", 2770, -2460, "B", "DIP", "CN8_5", "", "C", 60, 60, 36, 270],
		[111, "CN8_6", 2770, -2560, "T", "DIP", "CN8_6", "", "C", 60, 60, 36, 270],
		[112, "CN8_6", 2770, -2560, "B", "DIP", "CN8_6", "", "C", 60, 60, 36, 270],
		[113, "CN8_7", 2770, -2660, "T", "DIP", "PC8", "", "C", 60, 60, 36, 270],
		[114, "CN8_7", 2770, -2660, "B", "DIP", "PC8", "", "C", 60, 60, 36, 270],
		[115, "CN8_8", 2770, -2760, "T", "DIP", "DIR1", "", "C", 60, 60, 36, 270],
		[116, "CN8_8", 2770, -2760, "B", "DIP", "DIR1", "", "C", 60, 60, 36, 270],
		[117, "CN9_1", 3281.81, -2060, "T", "DIP", "VCC_IN", "", "C", 60, 60, 36, 270],
		[118, "CN9_1", 3281.81, -2060, "B", "DIP", "VCC_IN", "", "C", 60, 60, 36, 270],
		[119, "CN9_2", 3281.81, -2160, "T", "DIP", "GND", "GND", "C", 60, 60, 36, 270],
		[120, "CN9_2", 3281.81, -2160, "B", "DIP", "GND", "GND", "C", 60, 60, 36, 270],
		[121, "CN9_3", 3281.81, -2260, "T", "DIP", "M1B1", "", "C", 60, 60, 36, 270],
		[122, "CN9_3", 3281.81, -2260, "B", "DIP", "M1B1", "", "C", 60, 60, 36, 270],
		[123, "CN9_4", 3281.81, -2360, "T", "DIP", "M1A1", "", "C", 60, 60, 36, 270],
		[124, "CN9_4", 3281.81, -2360, "B", "DIP", "M1A1", "", "C", 60, 60, 36, 270],
		[125, "CN9_5", 3281.81, -2460, "T", "DIP", "M2A1", "", "C", 60, 60, 36, 270],
		[126, "CN9_5", 3281.81, -2460, "B", "DIP", "M2A1", "", "C", 60, 60, 36, 270],
		[127, "CN9_6", 3281.81, -2560, "T", "DIP", "M2B1", "", "C", 60, 60, 36, 270],
		[128, "CN9_6", 3281.81, -2560, "B", "DIP", "M2B1", "", "C", 60, 60, 36, 270],
		[129, "CN9_7", 3281.81, -2660, "T", "DIP", "CN9_7", "", "C", 60, 60, 36, 270],
		[130, "CN9_7", 3281.81, -2660, "B", "DIP", "CN9_7", "", "C", 60, 60, 36, 270],
		[131, "CN9_8", 3281.81, -2760, "T", "DIP", "CN9_8", "", "C", 60, 60, 36, 270],
		[132, "CN9_8", 3281.81, -2760, "B", "DIP", "CN9_8", "", "C", 60, 60, 36, 270],
		[133, "CN10_1", 1718.94, -3540, "T", "DIP", "PC8", "", "C", 64.96, 64.96, 43.31, 0],
		[134, "CN10_1", 1718.94, -3540, "B", "DIP", "PC8", "", "C", 64.96, 64.96, 43.31, 0],
		[135, "CN10_2", 1817.36, -3540, "T", "DIP", "PC9", "", "C", 64.96, 64.96, 43.31, 0],
		[136, "CN10_2", 1817.36, -3540, "B", "DIP", "PC9", "", "C", 64.96, 64.96, 43.31, 0],
		[137, "CN10_3", 1915.79, -3540, "T", "DIP", "EN1", "", "C", 64.96, 64.96, 43.31, 0],
		[138, "CN10_3", 1915.79, -3540, "B", "DIP", "EN1", "", "C", 64.96, 64.96, 43.31, 0],
		[139, "CN10_4", 2014.21, -3540, "T", "DIP", "EN2", "", "C", 64.96, 64.96, 43.31, 0],
		[140, "CN10_4", 2014.21, -3540, "B", "DIP", "EN2", "", "C", 64.96, 64.96, 43.31, 0],
		[141, "CN10_5", 2112.64, -3540, "T", "DIP", "DIR1", "", "C", 64.96, 64.96, 43.31, 0],
		[142, "CN10_5", 2112.64, -3540, "B", "DIP", "DIR1", "", "C", 64.96, 64.96, 43.31, 0],
		[143, "CN10_6", 2211.06, -3540, "T", "DIP", "DIR2", "", "C", 64.96, 64.96, 43.31, 0],
		[144, "CN10_6", 2211.06, -3540, "B", "DIP", "DIR2", "", "C", 64.96, 64.96, 43.31, 0],
		[145, "D1_1", 608.07, -1575, "B", "SMD", "$1N513", "", "R", 47.24, 37.4, 0, 0],
		[146, "D1_2", 741.93, -1575, "B", "SMD", "VCC_IN", "", "R", 47.24, 37.4, 0, 0],
		[147, "D2_1", 1916.93, -1575, "B", "SMD", "$1N3047", "", "R", 47.24, 37.4, 0, 180],
		[148, "D2_2", 1783.07, -1575, "B", "SMD", "VCC_IN", "", "R", 47.24, 37.4, 0, 180],
		[149, "D3_1", 613.07, -2820, "B", "SMD", "$1N5130", "", "R", 47.24, 37.4, 0, 0],
		[150, "D3_2", 746.93, -2820, "B", "SMD", "VCC_IN", "", "R", 47.24, 37.4, 0, 0],
		[151, "D4_1", 1921.93, -2820, "B", "SMD", "$1N5116", "", "R", 47.24, 37.4, 0, 180],
		[152, "D4_2", 1788.07, -2820, "B", "SMD", "VCC_IN", "", "R", 47.24, 37.4, 0, 180],
		[153, "DC1_1", 1356.54, -332.05, "T", "DIP", "VBAT", "", "O", 59.05, 149.61, 122.03, 270],
		[154, "DC1_1", 1356.54, -332.05, "B", "DIP", "VBAT", "", "O", 59.05, 149.61, 122.03, 270],
		[155, "DC1_2", 1356.54, -87.96, "T", "DIP", "GND", "GND", "O", 59.05, 149.61, 122.03, 90],
		[156, "DC1_2", 1356.54, -87.96, "B", "DIP", "GND", "GND", "O", 59.05, 149.61, 122.03, 90],
		[157, "DC1_3", 1173.47, -238.43, "T", "DIP", "DC1_3", "", "O", 59.05, 137.79, 106.3, 180],
		[158, "DC1_3", 1173.47, -238.43, "B", "DIP", "DC1_3", "", "O", 59.05, 137.79, 106.3, 180],
		[159, "L2_1", 2726.26, -1200, "T", "SMD", "$1N32516", "", "R", 83.62, 166.14, 0, 180],
		[160, "L2_2", 2883.74, -1200, "T", "SMD", "VCC_5V", "", "R", 83.62, 166.14, 0, 180],
		[161, "LED1_1", 245.11, -1819.08, "T", "SMD", "$1N1204", "", "R", 31.5, 31.5, 0, 180],
		[162, "LED1_2", 244.91, -1756.08, "T", "SMD", "FAULT-1", "", "R", 31.5, 31.5, 0, 180],
		[163, "LED2_1", 2265.11, -1819.08, "T", "SMD", "$1N3050", "", "R", 31.5, 31.5, 0, 180],
		[164, "LED2_2", 2264.91, -1756.08, "T", "SMD", "FAULT-2", "", "R", 31.5, 31.5, 0, 180],
		[165, "LED3_1", 398.94, -3160.86, "T", "SMD", "$1N5122", "", "R", 31.5, 31.5, 0, 270],
		[166, "LED3_2", 335.94, -3161.06, "T", "SMD", "FAULT-3", "", "R", 31.5, 31.5, 0, 270],
		[167, "LED4_1", 2100.67, -3161.46, "T", "SMD", "$1N5117", "", "R", 31.5, 31.5, 0, 90],
		[168, "LED4_2", 2163.67, -3161.26, "T", "SMD", "FAULT-4", "", "R", 31.5, 31.5, 0, 90],
		[169, "P2_1", 300, -1298.42, "T", "DIP", "MOTOR-A1", "", "C", 78.74, 78.74, 47.24, 90],
		[170, "P2_1", 300, -1298.42, "B", "DIP", "MOTOR-A1", "", "C", 78.74, 78.74, 47.24, 90],
		[171, "P2_2", 300, -1101.58, "T", "DIP", "MOTOR-B1", "", "C", 78.74, 78.74, 47.24, 90],
		[172, "P2_2", 300, -1101.58, "B", "DIP", "MOTOR-B1", "", "C", 78.74, 78.74, 47.24, 90],
		[173, "P3_1", 2212.13, -1097.68, "T", "DIP", "MOTOR-A2", "", "C", 78.74, 78.74, 47.24, 270],
		[174, "P3_1", 2212.13, -1097.68, "B", "DIP", "MOTOR-A2", "", "C", 78.74, 78.74, 47.24, 270],
		[175, "P3_2", 2212.13, -1294.53, "T", "DIP", "MOTOR-B2", "", "C", 78.74, 78.74, 47.24, 270],
		[176, "P3_2", 2212.13, -1294.53, "B", "DIP", "MOTOR-B2", "", "C", 78.74, 78.74, 47.24, 270],
		[177, "P4_1", 322.48, -2548.54, "T", "DIP", "MOTOR-A3", "", "C", 78.74, 78.74, 47.24, 90],
		[178, "P4_1", 322.48, -2548.54, "B", "DIP", "MOTOR-A3", "", "C", 78.74, 78.74, 47.24, 90],
		[179, "P4_2", 322.48, -2351.69, "T", "DIP", "MOTOR-B3", "", "C", 78.74, 78.74, 47.24, 90],
		[180, "P4_2", 322.48, -2351.69, "B", "DIP", "MOTOR-B3", "", "C", 78.74, 78.74, 47.24, 90],
		[181, "P5_1", 2212.13, -2347.97, "T", "DIP", "MOTOR-A4", "", "C", 78.74, 78.74, 47.24, 270],
		[182, "P5_1", 2212.13, -2347.97, "B", "DIP", "MOTOR-A4", "", "C", 78.74, 78.74, 47.24, 270],
		[183, "P5_2", 2212.13, -2544.82, "T", "DIP", "MOTOR-B4", "", "C", 78.74, 78.74, 47.24, 270],
		[184, "P5_2", 2212.13, -2544.82, "B", "DIP", "MOTOR-B4", "", "C", 78.74, 78.74, 47.24, 270],
		[185, "P6_1", 3780, -2262.36, "T", "DIP", "M1B1", "", "C", 66.93, 66.93, 41.34, 270],
		[186, "P6_1", 3780, -2262.36, "B", "DIP", "M1B1", "", "C", 66.93, 66.93, 41.34, 270],
		[187, "P6_2", 3780, -2360.79, "T", "DIP", "M1A1", "", "C", 66.93, 66.93, 41.34, 270],
		[188, "P6_2", 3780, -2360.79, "B", "DIP", "M1A1", "", "C", 66.93, 66.93, 41.34, 270],
		[189, "P6_3", 3780, -2459.21, "T", "DIP", "M2A1", "", "C", 66.93, 66.93, 41.34, 270],
		[190, "P6_3", 3780, -2459.21, "B", "DIP", "M2A1", "", "C", 66.93, 66.93, 41.34, 270],
		[191, "P6_4", 3780, -2557.64, "T", "DIP", "M2B1", "", "C", 66.93, 66.93, 41.34, 270],
		[192, "P6_4", 3780, -2557.64, "B", "DIP", "M2B1", "", "C", 66.93, 66.93, 41.34, 270],
		[193, "P7_1", 3780, -3212.36, "T", "DIP", "M1B2", "", "C", 66.93, 66.93, 41.34, 270],
		[194, "P7_1", 3780, -3212.36, "B", "DIP", "M1B2", "", "C", 66.93, 66.93, 41.34, 270],
		[195, "P7_2", 3780, -3310.79, "T", "DIP", "M1A2", "", "C", 66.93, 66.93, 41.34, 270],
		[196, "P7_2", 3780, -3310.79, "B", "DIP", "M1A2", "", "C", 66.93, 66.93, 41.34, 270],
		[197, "P7_3", 3780, -3409.21, "T", "DIP", "M2A2", "", "C", 66.93, 66.93, 41.34, 270],
		[198, "P7_3", 3780, -3409.21, "B", "DIP", "M2A2", "", "C", 66.93, 66.93, 41.34, 270],
		[199, "P7_4", 3780, -3507.64, "T", "DIP", "M2B2", "", "C", 66.93, 66.93, 41.34, 270],
		[200, "P7_4", 3780, -3507.64, "B", "DIP", "M2B2", "", "C", 66.93, 66.93, 41.34, 270],
		[201, "P8_1", 2671.58, -120, "T", "DIP", "AO2", "", "C", 78.74, 78.74, 47.24, 0],
		[202, "P8_1", 2671.58, -120, "B", "DIP", "AO2", "", "C", 78.74, 78.74, 47.24, 0],
		[203, "P8_2", 2868.42, -120, "T", "DIP", "AO1", "", "C", 78.74, 78.74, 47.24, 0],
		[204, "P8_2", 2868.42, -120, "B", "DIP", "AO1", "", "C", 78.74, 78.74, 47.24, 0],
		[205, "P9_1", 3106.58, -120, "T", "DIP", "BO1", "", "C", 78.74, 78.74, 47.24, 0],
		[206, "P9_1", 3106.58, -120, "B", "DIP", "BO1", "", "C", 78.74, 78.74, 47.24, 0],
		[207, "P9_2", 3303.42, -120, "T", "DIP", "BO2", "", "C", 78.74, 78.74, 47.24, 0],
		[208, "P9_2", 3303.42, -120, "B", "DIP", "BO2", "", "C", 78.74, 78.74, 47.24, 0],
		[209, "P10_1", 3780, -432.36, "T", "DIP", "A8", "", "C", 66.93, 66.93, 41.34, 270],
		[210, "P10_1", 3780, -432.36, "B", "DIP", "A8", "", "C", 66.93, 66.93, 41.34, 270],
		[211, "P10_2", 3780, -530.79, "T", "DIP", "B12", "", "C", 66.93, 66.93, 41.34, 270],
		[212, "P10_2", 3780, -530.79, "B", "DIP", "B12", "", "C", 66.93, 66.93, 41.34, 270],
		[213, "P10_3", 3780, -629.21, "T", "DIP", "A11", "", "C", 66.93, 66.93, 41.34, 270],
		[214, "P10_3", 3780, -629.21, "B", "DIP", "A11", "", "C", 66.93, 66.93, 41.34, 270],
		[215, "P10_4", 3780, -727.64, "T", "DIP", "B15", "", "C", 66.93, 66.93, 41.34, 270],
		[216, "P10_4", 3780, -727.64, "B", "DIP", "B15", "", "C", 66.93, 66.93, 41.34, 270],
		[217, "Q1_1", 979.63, -924.21, "T", "SMD", "$1N1555", "", "R", 98.42, 47.24, 0, 270],
		[218, "Q1_2", 1069.63, -650.59, "T", "SMD", "VCC_IN", "", "R", 255.91, 236.22, 0, 270],
		[219, "Q1_3", 1159.63, -924.21, "T", "SMD", "MOTOR-A1", "", "R", 98.42, 47.24, 0, 270],
		[220, "Q2_1", 976.3, -1475.39, "T", "SMD", "$1N1571", "", "R", 98.42, 47.24, 0, 270],
		[221, "Q2_2", 1066.3, -1201.77, "T", "SMD", "MOTOR-A1", "", "R", 255.91, 236.22, 0, 270],
		[222, "Q2_3", 1156.3, -1475.39, "T", "SMD", "GND", "GND", "R", 98.42, 47.24, 0, 270],
		[223, "Q3_1", 584.29, -924.21, "T", "SMD", "$1N1831", "", "R", 98.42, 47.24, 0, 270],
		[224, "Q3_2", 674.29, -650.59, "T", "SMD", "VCC_IN", "", "R", 255.91, 236.22, 0, 270],
		[225, "Q3_3", 764.29, -924.21, "T", "SMD", "MOTOR-B1", "", "R", 98.42, 47.24, 0, 270],
		[226, "Q4_1", 579.29, -1475.39, "T", "SMD", "$1N1853", "", "R", 98.42, 47.24, 0, 270],
		[227, "Q4_2", 669.29, -1201.77, "T", "SMD", "MOTOR-B1", "", "R", 255.91, 236.22, 0, 270],
		[228, "Q4_3", 759.29, -1475.39, "T", "SMD", "GND", "GND", "R", 98.42, 47.24, 0, 270],
		[229, "Q5_1", 1374.97, -924.21, "T", "SMD", "$1N3066", "", "R", 98.42, 47.24, 0, 270],
		[230, "Q5_2", 1464.97, -650.59, "T", "SMD", "VCC_IN", "", "R", 255.91, 236.22, 0, 270],
		[231, "Q5_3", 1554.97, -924.21, "T", "SMD", "MOTOR-A2", "", "R", 98.42, 47.24, 0, 270],
		[232, "Q6_1", 1373.31, -1475.39, "T", "SMD", "$1N3069", "", "R", 98.42, 47.24, 0, 270],
		[233, "Q6_2", 1463.31, -1201.77, "T", "SMD", "MOTOR-A2", "", "R", 255.91, 236.22, 0, 270],
		[234, "Q6_3", 1553.31, -1475.39, "T", "SMD", "GND", "GND", "R", 98.42, 47.24, 0, 270],
		[235, "Q7_1", 1770.32, -924.21, "T", "SMD", "$1N3060", "", "R", 98.42, 47.24, 0, 270],
		[236, "Q7_2", 1860.32, -650.59, "T", "SMD", "VCC_IN", "", "R", 255.91, 236.22, 0, 270],
		[237, "Q7_3", 1950.32, -924.21, "T", "SMD", "MOTOR-B2", "", "R", 98.42, 47.24, 0, 270],
		[238, "Q8_1", 1770.32, -1475.39, "T", "SMD", "$1N3056", "", "R", 98.42, 47.24, 0, 270],
		[239, "Q8_2", 1860.32, -1201.77, "T", "SMD", "MOTOR-B2", "", "R", 255.91, 236.22, 0, 270],
		[240, "Q8_3", 1950.32, -1475.39, "T", "SMD", "GND", "GND", "R", 98.42, 47.24, 0, 270],
		[241, "Q9_1", 976.3, -2171.57, "T", "SMD", "$1N5149", "", "R", 98.42, 47.24, 0, 270],
		[242, "Q9_2", 1066.3, -1897.95, "T", "SMD", "VCC_IN", "", "R", 255.91, 236.22, 0, 270],
		[243, "Q9_3", 1156.3, -2171.57, "T", "SMD", "MOTOR-A3", "", "R", 98.42, 47.24, 0, 270],
		[244, "Q10_1", 976.3, -2722.75, "T", "SMD", "$1N5150", "", "R", 98.42, 47.24, 0, 270],
		[245, "Q10_2", 1066.3, -2449.13, "T", "SMD", "MOTOR-A3", "", "R", 255.91, 236.22, 0, 270],
		[246, "Q10_3", 1156.3, -2722.75, "T", "SMD", "GND", "GND", "R", 98.42, 47.24, 0, 270],
		[247, "Q11_1", 579.29, -2171.57, "T", "SMD", "$1N5142", "", "R", 98.42, 47.24, 0, 270],
		[248, "Q11_2", 669.29, -1897.95, "T", "SMD", "VCC_IN", "", "R", 255.91, 236.22, 0, 270],
		[249, "Q11_3", 759.29, -2171.57, "T", "SMD", "MOTOR-B3", "", "R", 98.42, 47.24, 0, 270],
		[250, "Q12_1", 579.29, -2722.75, "T", "SMD", "$1N5139", "", "R", 98.42, 47.24, 0, 270],
		[251, "Q12_2", 669.29, -2449.13, "T", "SMD", "MOTOR-B3", "", "R", 255.91, 236.22, 0, 270],
		[252, "Q12_3", 759.29, -2722.75, "T", "SMD", "GND", "GND", "R", 98.42, 47.24, 0, 270],
		[253, "Q13_1", 1373.31, -2171.57, "T", "SMD", "$1N5107", "", "R", 98.42, 47.24, 0, 270],
		[254, "Q13_2", 1463.31, -1897.95, "T", "SMD", "VCC_IN", "", "R", 255.91, 236.22, 0, 270],
		[255, "Q13_3", 1553.31, -2171.57, "T", "SMD", "MOTOR-A4", "", "R", 98.42, 47.24, 0, 270],
		[256, "Q14_1", 1373.31, -2722.75, "T", "SMD", "$1N5110", "", "R", 98.42, 47.24, 0, 270],
		[257, "Q14_2", 1463.31, -2449.13, "T", "SMD", "MOTOR-A4", "", "R", 255.91, 236.22, 0, 270],
		[258, "Q14_3", 1553.31, -2722.75, "T", "SMD", "GND", "GND", "R", 98.42, 47.24, 0, 270],
		[259, "Q15_1", 1770.32, -2171.57, "T", "SMD", "$1N5098", "", "R", 98.42, 47.24, 0, 270],
		[260, "Q15_2", 1860.32, -1897.95, "T", "SMD", "VCC_IN", "", "R", 255.91, 236.22, 0, 270],
		[261, "Q15_3", 1950.32, -2171.57, "T", "SMD", "MOTOR-B4", "", "R", 98.42, 47.24, 0, 270],
		[262, "Q16_1", 1770.32, -2722.75, "T", "SMD", "$1N5105", "", "R", 98.42, 47.24, 0, 270],
		[263, "Q16_2", 1860.32, -2449.13, "T", "SMD", "MOTOR-B4", "", "R", 255.91, 236.22, 0, 270],
		[264, "Q16_3", 1950.32, -2722.75, "T", "SMD", "GND", "GND", "R", 98.42, 47.24, 0, 270],
		[265, "Q17_1", 3691.26, -1267.4, "T", "SMD", "$1N34824", "", "R", 40.85, 20.95, 0, 0],
		[266, "Q17_2", 3691.26, -1192.6, "T", "SMD", "GND", "GND", "R", 40.85, 20.95, 0, 0],
		[267, "Q17_3", 3604.54, -1230, "T", "SMD", "B12T", "", "R", 40.85, 20.95, 0, 0],
		[268, "Q18_1", 3691.26, -1532.4, "T", "SMD", "$1N34983", "", "R", 40.85, 20.95, 0, 0],
		[269, "Q18_2", 3691.26, -1457.6, "T", "SMD", "GND", "GND", "R", 40.85, 20.95, 0, 0],
		[270, "Q18_3", 3604.54, -1495, "T", "SMD", "B15T", "", "R", 40.85, 20.95, 0, 0],
		[271, "R1_1", 325.34, -1785, "B", "SMD", "FAULT-1", "", "R", 31.75, 34.02, 0, 0],
		[272, "R1_2", 384.66, -1785, "B", "SMD", "$1N1025", "", "R", 31.75, 34.02, 0, 0],
		[273, "R01_1", 244.71, -2012.09, "T", "SMD", "GND", "GND", "R", 31.75, 34.02, 0, 90],
		[274, "R01_2", 244.71, -1952.77, "T", "SMD", "$1N1204", "", "R", 31.75, 34.02, 0, 90],
		[275, "R2_1", 2234.66, -1435, "B", "SMD", "FAULT-2", "", "R", 31.75, 34.02, 0, 180],
		[276, "R2_2", 2175.34, -1435, "B", "SMD", "$1N3045", "", "R", 31.75, 34.02, 0, 180],
		[277, "R02_1", 2264.71, -2012.09, "T", "SMD", "GND", "GND", "R", 31.75, 34.02, 0, 90],
		[278, "R02_2", 2264.71, -1952.77, "T", "SMD", "$1N3050", "", "R", 31.75, 34.02, 0, 90],
		[279, "R03_1", 591.95, -3164.7, "T", "SMD", "GND", "GND", "R", 31.75, 34.02, 0, 180],
		[280, "R03_2", 532.63, -3164.7, "T", "SMD", "$1N5122", "", "R", 31.75, 34.02, 0, 180],
		[281, "R3_1", 205.34, -3180, "B", "SMD", "FAULT-3", "", "R", 31.75, 34.02, 0, 0],
		[282, "R3_2", 264.66, -3180, "B", "SMD", "$1N5123", "", "R", 31.75, 34.02, 0, 0],
		[283, "R4_1", 1965, -2965.34, "B", "SMD", "FAULT-4", "", "R", 31.75, 34.02, 0, 270],
		[284, "R4_2", 1965, -3024.66, "B", "SMD", "$1N5111", "", "R", 31.75, 34.02, 0, 270],
		[285, "R04_1", 1907.66, -3164.7, "T", "SMD", "GND", "GND", "R", 31.75, 34.02, 0, 0],
		[286, "R04_2", 1966.98, -3164.7, "T", "SMD", "$1N5117", "", "R", 31.75, 34.02, 0, 0],
		[287, "R6_1", 1545.39, -1749.66, "B", "SMD", "GND", "GND", "R", 31.75, 34.02, 0, 90],
		[288, "R6_2", 1545.39, -1690.34, "B", "SMD", "EN_IN-2", "", "R", 31.75, 34.02, 0, 90],
		[289, "R7_1", 995, -1749.66, "B", "SMD", "GND", "GND", "R", 31.75, 34.02, 0, 90],
		[290, "R7_2", 995, -1690.34, "B", "SMD", "PH_IN-1", "", "R", 31.75, 34.02, 0, 90],
		[291, "R8_1", 995, -1555.34, "B", "SMD", "GND", "GND", "R", 31.75, 34.02, 0, 270],
		[292, "R8_2", 995, -1614.66, "B", "SMD", "EN_IN-1", "", "R", 31.75, 34.02, 0, 270],
		[293, "R9_1", 1545.39, -2835.34, "B", "SMD", "GND", "GND", "R", 31.75, 34.02, 0, 270],
		[294, "R9_2", 1545.39, -2894.66, "B", "SMD", "PH_IN-4", "", "R", 31.75, 34.02, 0, 270],
		[295, "R10_1", 1545.39, -3030.57, "B", "SMD", "GND", "GND", "R", 31.75, 34.02, 0, 90],
		[296, "R10_2", 1545.39, -2971.25, "B", "SMD", "EN_IN-4", "", "R", 31.75, 34.02, 0, 90],
		[297, "R11_1", 995, -3030.57, "B", "SMD", "GND", "GND", "R", 31.75, 34.02, 0, 90],
		[298, "R11_2", 995, -2971.25, "B", "SMD", "PH_IN-3", "", "R", 31.75, 34.02, 0, 90],
		[299, "R12_1", 995, -2835.34, "B", "SMD", "GND", "GND", "R", 31.75, 34.02, 0, 270],
		[300, "R12_2", 995, -2894.66, "B", "SMD", "EN_IN-3", "", "R", 31.75, 34.02, 0, 270],
		[301, "R17_1", 1545.39, -1555.34, "B", "SMD", "GND", "GND", "R", 31.75, 34.02, 0, 270],
		[302, "R17_2", 1545.39, -1614.66, "B", "SMD", "PH_IN-2", "", "R", 31.75, 34.02, 0, 270],
		[303, "R25_1", 3477.24, -1313.25, "T", "SMD", "$1N34824", "", "R", 31.75, 34.02, 0, 0],
		[304, "R25_2", 3536.56, -1313.25, "T", "SMD", "B12", "", "R", 31.75, 34.02, 0, 0],
		[305, "R26_1", 3477.24, -1195, "T", "SMD", "3V3", "", "R", 31.75, 34.02, 0, 0],
		[306, "R26_2", 3536.56, -1195, "T", "SMD", "B12T", "", "R", 31.75, 34.02, 0, 0],
		[307, "R27_1", 3477.24, -1581.81, "T", "SMD", "$1N34983", "", "R", 31.75, 34.02, 0, 0],
		[308, "R27_2", 3536.56, -1581.81, "T", "SMD", "B15", "", "R", 31.75, 34.02, 0, 0],
		[309, "R28_1", 3477.24, -1460, "T", "SMD", "3V3", "", "R", 31.75, 34.02, 0, 0],
		[310, "R28_2", 3536.56, -1460, "T", "SMD", "B15T", "", "R", 31.75, 34.02, 0, 0],
		[311, "SCREW1_1", 3827.5, -3737.5, "T", "DIP", "SCREW1_1", "", "C", 126, 126, 126, 0],
		[312, "SCREW1_1", 3827.5, -3737.5, "B", "DIP", "SCREW1_1", "", "C", 126, 126, 126, 0],
		[313, "SCREW1_1", 3827.5, -3737.5, "T", "DIP", "SCREW1_A_1", "", "C", 126, 126, 126, 0],
		[314, "SCREW1_1", 3827.5, -3737.5, "B", "DIP", "SCREW1_A_1", "", "C", 126, 126, 126, 0],
		[315, "SCREW2_1", 3827.5, -47.5, "T", "DIP", "SCREW2_1", "", "C", 126, 126, 126, 0],
		[316, "SCREW2_1", 3827.5, -47.5, "B", "DIP", "SCREW2_1", "", "C", 126, 126, 126, 0],
		[317, "SCREW2_1", 3827.5, -47.5, "T", "DIP", "SCREW2_A_1", "", "C", 126, 126, 126, 0],
		[318, "SCREW2_1", 3827.5, -47.5, "B", "DIP", "SCREW2_A_1", "", "C", 126, 126, 126, 0],
		[319, "SCREW3_1", 137.5, -3737.5, "T", "DIP", "SCREW3_1", "", "C", 126, 126, 126, 0],
		[320, "SCREW3_1", 137.5, -3737.5, "B", "DIP", "SCREW3_1", "", "C", 126, 126, 126, 0],
		[321, "SCREW3_1", 137.5, -3737.5, "T", "DIP", "SCREW3_A_1", "", "C", 126, 126, 126, 0],
		[322, "SCREW3_1", 137.5, -3737.5, "B", "DIP", "SCREW3_A_1", "", "C", 126, 126, 126, 0],
		[323, "SCREW4_1", 137.5, -47.5, "T", "DIP", "SCREW4_1", "", "C", 126, 126, 126, 0],
		[324, "SCREW4_1", 137.5, -47.5, "B", "DIP", "SCREW4_1", "", "C", 126, 126, 126, 0],
		[325, "SCREW4_1", 137.5, -47.5, "T", "DIP", "SCREW4_A_1", "", "C", 126, 126, 126, 0],
		[326, "SCREW4_1", 137.5, -47.5, "B", "DIP", "SCREW4_A_1", "", "C", 126, 126, 126, 0],
		[327, "TB6612%25E5%258F%25B31_1", 3869.49, -1770, "T", "DIP", "GND", "GND", "C", 60, 60, 36, 90],
		[328, "TB6612%25E5%258F%25B31_1", 3869.49, -1770, "B", "DIP", "GND", "GND", "C", 60, 60, 36, 90],
		[329, "TB6612%25E5%258F%25B31_2", 3869.49, -1670, "T", "DIP", "A11", "", "C", 60, 60, 36, 90],
		[330, "TB6612%25E5%258F%25B31_2", 3869.49, -1670, "B", "DIP", "A11", "", "C", 60, 60, 36, 90],
		[331, "TB6612%25E5%258F%25B31_3", 3869.49, -1570, "T", "DIP", "B15", "", "C", 60, 60, 36, 90],
		[332, "TB6612%25E5%258F%25B31_3", 3869.49, -1570, "B", "DIP", "B15", "", "C", 60, 60, 36, 90],
		[333, "TB6612%25E5%258F%25B31_4", 3869.49, -1470, "T", "DIP", "B15T", "", "C", 60, 60, 36, 90],
		[334, "TB6612%25E5%258F%25B31_4", 3869.49, -1470, "B", "DIP", "B15T", "", "C", 60, 60, 36, 90],
		[335, "TB6612%25E5%258F%25B31_5", 3869.49, -1370, "T", "DIP", "3V3", "", "C", 60, 60, 36, 90],
		[336, "TB6612%25E5%258F%25B31_5", 3869.49, -1370, "B", "DIP", "3V3", "", "C", 60, 60, 36, 90],
		[337, "TB6612%25E5%258F%25B31_6", 3869.49, -1270, "T", "DIP", "B12T", "", "C", 60, 60, 36, 90],
		[338, "TB6612%25E5%258F%25B31_6", 3869.49, -1270, "B", "DIP", "B12T", "", "C", 60, 60, 36, 90],
		[339, "TB6612%25E5%258F%25B31_7", 3869.49, -1170, "T", "DIP", "B12", "", "C", 60, 60, 36, 90],
		[340, "TB6612%25E5%258F%25B31_7", 3869.49, -1170, "B", "DIP", "B12", "", "C", 60, 60, 36, 90],
		[341, "TB6612%25E5%258F%25B31_8", 3869.49, -1070, "T", "DIP", "A8", "", "C", 60, 60, 36, 90],
		[342, "TB6612%25E5%258F%25B31_8", 3869.49, -1070, "B", "DIP", "A8", "", "C", 60, 60, 36, 90],
		[343, "TB6612%25E5%25B7%25A61_1", 3275, -1070, "T", "DIP", "VCC_IN", "", "C", 60, 60, 36, 270],
		[344, "TB6612%25E5%25B7%25A61_1", 3275, -1070, "B", "DIP", "VCC_IN", "", "C", 60, 60, 36, 270],
		[345, "TB6612%25E5%25B7%25A61_2", 3275, -1170, "T", "DIP", "3V3", "", "C", 60, 60, 36, 270],
		[346, "TB6612%25E5%25B7%25A61_2", 3275, -1170, "B", "DIP", "3V3", "", "C", 60, 60, 36, 270],
		[347, "TB6612%25E5%25B7%25A61_3", 3275, -1270, "T", "DIP", "GND", "GND", "C", 60, 60, 36, 270],
		[348, "TB6612%25E5%25B7%25A61_3", 3275, -1270, "B", "DIP", "GND", "GND", "C", 60, 60, 36, 270],
		[349, "TB6612%25E5%25B7%25A61_4", 3275, -1370, "T", "DIP", "AO1", "", "C", 60, 60, 36, 270],
		[350, "TB6612%25E5%25B7%25A61_4", 3275, -1370, "B", "DIP", "AO1", "", "C", 60, 60, 36, 270],
		[351, "TB6612%25E5%25B7%25A61_5", 3275, -1470, "T", "DIP", "AO2", "", "C", 60, 60, 36, 270],
		[352, "TB6612%25E5%25B7%25A61_5", 3275, -1470, "B", "DIP", "AO2", "", "C", 60, 60, 36, 270],
		[353, "TB6612%25E5%25B7%25A61_6", 3275, -1570, "T", "DIP", "BO2", "", "C", 60, 60, 36, 270],
		[354, "TB6612%25E5%25B7%25A61_6", 3275, -1570, "B", "DIP", "BO2", "", "C", 60, 60, 36, 270],
		[355, "TB6612%25E5%25B7%25A61_7", 3275, -1670, "T", "DIP", "BO1", "", "C", 60, 60, 36, 270],
		[356, "TB6612%25E5%25B7%25A61_7", 3275, -1670, "B", "DIP", "BO1", "", "C", 60, 60, 36, 270],
		[357, "TB6612%25E5%25B7%25A61_8", 3275, -1770, "T", "DIP", "GND", "GND", "C", 60, 60, 36, 270],
		[358, "TB6612%25E5%25B7%25A61_8", 3275, -1770, "B", "DIP", "GND", "GND", "C", 60, 60, 36, 270],
		[359, "U2_1", 371.45, -1530.79, "B", "SMD", "$1N513", "", "R", 11.81, 27.56, 0, 90],
		[360, "U2_2", 371.45, -1550.47, "B", "SMD", "$1N823", "", "R", 11.81, 27.56, 0, 90],
		[361, "U2_3", 371.45, -1570.16, "B", "SMD", "$1N854", "", "R", 11.81, 27.56, 0, 90],
		[362, "U2_4", 371.45, -1589.84, "B", "SMD", "$1N858", "", "R", 11.81, 27.56, 0, 90],
		[363, "U2_5", 371.45, -1609.53, "B", "SMD", "GND", "GND", "R", 11.81, 27.56, 0, 90],
		[364, "U2_6", 371.45, -1629.21, "B", "SMD", "$1N967", "", "R", 11.81, 27.56, 0, 90],
		[365, "U2_7", 344.21, -1656.7, "B", "SMD", "$1N967", "", "R", 11.81, 27.56, 0, 0],
		[366, "U2_8", 324.52, -1656.7, "B", "SMD", "$1N1025", "", "R", 11.81, 27.56, 0, 0],
		[367, "U2_9", 304.84, -1656.7, "B", "SMD", "FAULT-1", "", "R", 11.81, 27.56, 0, 0],
		[368, "U2_10", 285.16, -1656.7, "B", "SMD", "U2_10", "", "R", 11.81, 27.56, 0, 0],
		[369, "U2_11", 265.47, -1656.7, "B", "SMD", "U2_11", "", "R", 11.81, 27.56, 0, 0],
		[370, "U2_12", 245.79, -1656.7, "B", "SMD", "$1N967", "", "R", 11.81, 27.56, 0, 0],
		[371, "U2_13", 218.54, -1629.21, "B", "SMD", "VCC_5V", "", "R", 11.81, 27.56, 0, 270],
		[372, "U2_14", 218.54, -1609.53, "B", "SMD", "EN-1", "", "R", 11.81, 27.56, 0, 270],
		[373, "U2_15", 218.54, -1589.84, "B", "SMD", "PH-1", "", "R", 11.81, 27.56, 0, 270],
		[374, "U2_16", 218.54, -1570.16, "B", "SMD", "GND", "GND", "R", 11.81, 27.56, 0, 270],
		[375, "U2_17", 218.54, -1550.47, "B", "SMD", "$1N1831", "", "R", 11.81, 27.56, 0, 270],
		[376, "U2_18", 218.54, -1530.79, "B", "SMD", "MOTOR-B1", "", "R", 11.81, 27.56, 0, 270],
		[377, "U2_19", 245.79, -1503.3, "B", "SMD", "$1N1853", "", "R", 11.81, 27.56, 0, 180],
		[378, "U2_20", 265.47, -1503.3, "B", "SMD", "GND", "GND", "R", 11.81, 27.56, 0, 180],
		[379, "U2_21", 285.16, -1503.3, "B", "SMD", "GND", "GND", "R", 11.81, 27.56, 0, 180],
		[380, "U2_22", 304.84, -1503.3, "B", "SMD", "$1N1571", "", "R", 11.81, 27.56, 0, 180],
		[381, "U2_23", 324.52, -1503.3, "B", "SMD", "MOTOR-A1", "", "R", 11.81, 27.56, 0, 180],
		[382, "U2_24", 344.21, -1503.3, "B", "SMD", "$1N1555", "", "R", 11.81, 27.56, 0, 180],
		[383, "U2_25", 295.03, -1580.03, "B", "SMD", "GND", "GND", "R", 102.36, 102.36, 0, 180],
		[384, "U3_1", 2137.56, -1629.21, "B", "SMD", "$1N3047", "", "R", 11.81, 27.56, 0, 270],
		[385, "U3_2", 2137.56, -1609.53, "B", "SMD", "$1N3042", "", "R", 11.81, 27.56, 0, 270],
		[386, "U3_3", 2137.56, -1589.84, "B", "SMD", "$1N3041", "", "R", 11.81, 27.56, 0, 270],
		[387, "U3_4", 2137.56, -1570.16, "B", "SMD", "$1N3043", "", "R", 11.81, 27.56, 0, 270],
		[388, "U3_5", 2137.56, -1550.47, "B", "SMD", "GND", "GND", "R", 11.81, 27.56, 0, 270],
		[389, "U3_6", 2137.56, -1530.79, "B", "SMD", "$1N3044", "", "R", 11.81, 27.56, 0, 270],
		[390, "U3_7", 2164.8, -1503.3, "B", "SMD", "$1N3044", "", "R", 11.81, 27.56, 0, 180],
		[391, "U3_8", 2184.49, -1503.3, "B", "SMD", "$1N3045", "", "R", 11.81, 27.56, 0, 180],
		[392, "U3_9", 2204.17, -1503.3, "B", "SMD", "FAULT-2", "", "R", 11.81, 27.56, 0, 180],
		[393, "U3_10", 2223.85, -1503.3, "B", "SMD", "U3_10", "", "R", 11.81, 27.56, 0, 180],
		[394, "U3_11", 2243.54, -1503.3, "B", "SMD", "U3_11", "", "R", 11.81, 27.56, 0, 180],
		[395, "U3_12", 2263.22, -1503.3, "B", "SMD", "$1N3044", "", "R", 11.81, 27.56, 0, 180],
		[396, "U3_13", 2290.47, -1530.79, "B", "SMD", "VCC_5V", "", "R", 11.81, 27.56, 0, 90],
		[397, "U3_14", 2290.47, -1550.47, "B", "SMD", "EN-2", "", "R", 11.81, 27.56, 0, 90],
		[398, "U3_15", 2290.47, -1570.16, "B", "SMD", "PH-2", "", "R", 11.81, 27.56, 0, 90],
		[399, "U3_16", 2290.47, -1589.84, "B", "SMD", "GND", "GND", "R", 11.81, 27.56, 0, 90],
		[400, "U3_17", 2290.47, -1609.53, "B", "SMD", "$1N3060", "", "R", 11.81, 27.56, 0, 90],
		[401, "U3_18", 2290.47, -1629.21, "B", "SMD", "MOTOR-B2", "", "R", 11.81, 27.56, 0, 90],
		[402, "U3_19", 2263.22, -1656.7, "B", "SMD", "$1N3056", "", "R", 11.81, 27.56, 0, 0],
		[403, "U3_20", 2243.54, -1656.7, "B", "SMD", "GND", "GND", "R", 11.81, 27.56, 0, 0],
		[404, "U3_21", 2223.85, -1656.7, "B", "SMD", "GND", "GND", "R", 11.81, 27.56, 0, 0],
		[405, "U3_22", 2204.17, -1656.7, "B", "SMD", "$1N3069", "", "R", 11.81, 27.56, 0, 0],
		[406, "U3_23", 2184.49, -1656.7, "B", "SMD", "MOTOR-A2", "", "R", 11.81, 27.56, 0, 0],
		[407, "U3_24", 2164.8, -1656.7, "B", "SMD", "$1N3066", "", "R", 11.81, 27.56, 0, 0],
		[408, "U3_25", 2213.98, -1579.97, "B", "SMD", "GND", "GND", "R", 102.36, 102.36, 0, 0],
		[409, "U4_1", 352.04, -2960.79, "B", "SMD", "$1N5130", "", "R", 11.81, 27.56, 0, 90],
		[410, "U4_2", 352.04, -2980.47, "B", "SMD", "$1N5129", "", "R", 11.81, 27.56, 0, 90],
		[411, "U4_3", 352.04, -3000.16, "B", "SMD", "$1N5128", "", "R", 11.81, 27.56, 0, 90],
		[412, "U4_4", 352.04, -3019.84, "B", "SMD", "$1N5127", "", "R", 11.81, 27.56, 0, 90],
		[413, "U4_5", 352.04, -3039.53, "B", "SMD", "GND", "GND", "R", 11.81, 27.56, 0, 90],
		[414, "U4_6", 352.04, -3059.21, "B", "SMD", "$1N5125", "", "R", 11.81, 27.56, 0, 90],
		[415, "U4_7", 324.8, -3086.7, "B", "SMD", "$1N5125", "", "R", 11.81, 27.56, 0, 0],
		[416, "U4_8", 305.11, -3086.7, "B", "SMD", "$1N5123", "", "R", 11.81, 27.56, 0, 0],
		[417, "U4_9", 285.43, -3086.7, "B", "SMD", "FAULT-3", "", "R", 11.81, 27.56, 0, 0],
		[418, "U4_10", 265.75, -3086.7, "B", "SMD", "U4_10", "", "R", 11.81, 27.56, 0, 0],
		[419, "U4_11", 246.06, -3086.7, "B", "SMD", "U4_11", "", "R", 11.81, 27.56, 0, 0],
		[420, "U4_12", 226.38, -3086.7, "B", "SMD", "$1N5125", "", "R", 11.81, 27.56, 0, 0],
		[421, "U4_13", 199.13, -3059.21, "B", "SMD", "VCC_5V", "", "R", 11.81, 27.56, 0, 270],
		[422, "U4_14", 199.13, -3039.53, "B", "SMD", "EN-3", "", "R", 11.81, 27.56, 0, 270],
		[423, "U4_15", 199.13, -3019.84, "B", "SMD", "PH-3", "", "R", 11.81, 27.56, 0, 270],
		[424, "U4_16", 199.13, -3000.16, "B", "SMD", "GND", "GND", "R", 11.81, 27.56, 0, 270],
		[425, "U4_17", 199.13, -2980.47, "B", "SMD", "$1N5142", "", "R", 11.81, 27.56, 0, 270],
		[426, "U4_18", 199.13, -2960.79, "B", "SMD", "MOTOR-B3", "", "R", 11.81, 27.56, 0, 270],
		[427, "U4_19", 226.38, -2933.3, "B", "SMD", "$1N5139", "", "R", 11.81, 27.56, 0, 180],
		[428, "U4_20", 246.06, -2933.3, "B", "SMD", "GND", "GND", "R", 11.81, 27.56, 0, 180],
		[429, "U4_21", 265.75, -2933.3, "B", "SMD", "GND", "GND", "R", 11.81, 27.56, 0, 180],
		[430, "U4_22", 285.43, -2933.3, "B", "SMD", "$1N5150", "", "R", 11.81, 27.56, 0, 180],
		[431, "U4_23", 305.11, -2933.3, "B", "SMD", "MOTOR-A3", "", "R", 11.81, 27.56, 0, 180],
		[432, "U4_24", 324.8, -2933.3, "B", "SMD", "$1N5149", "", "R", 11.81, 27.56, 0, 180],
		[433, "U4_25", 275.62, -3010.03, "B", "SMD", "GND", "GND", "R", 102.36, 102.36, 0, 180],
		[434, "U5_1", 2262.98, -3067.03, "B", "SMD", "$1N5116", "", "R", 11.81, 27.56, 0, 0],
		[435, "U5_2", 2243.3, -3067.03, "B", "SMD", "$1N5115", "", "R", 11.81, 27.56, 0, 0],
		[436, "U5_3", 2223.61, -3067.03, "B", "SMD", "$1N5113", "", "R", 11.81, 27.56, 0, 0],
		[437, "U5_4", 2203.93, -3067.03, "B", "SMD", "$1N5114", "", "R", 11.81, 27.56, 0, 0],
		[438, "U5_5", 2184.24, -3067.03, "B", "SMD", "GND", "GND", "R", 11.81, 27.56, 0, 0],
		[439, "U5_6", 2164.56, -3067.03, "B", "SMD", "$1N5118", "", "R", 11.81, 27.56, 0, 0],
		[440, "U5_7", 2137.07, -3039.79, "B", "SMD", "$1N5118", "", "R", 11.81, 27.56, 0, 270],
		[441, "U5_8", 2137.07, -3020.1, "B", "SMD", "$1N5111", "", "R", 11.81, 27.56, 0, 270],
		[442, "U5_9", 2137.07, -3000.42, "B", "SMD", "FAULT-4", "", "R", 11.81, 27.56, 0, 270],
		[443, "U5_10", 2137.07, -2980.74, "B", "SMD", "U5_10", "", "R", 11.81, 27.56, 0, 270],
		[444, "U5_11", 2137.07, -2961.05, "B", "SMD", "U5_11", "", "R", 11.81, 27.56, 0, 270],
		[445, "U5_12", 2137.07, -2941.37, "B", "SMD", "$1N5118", "", "R", 11.81, 27.56, 0, 270],
		[446, "U5_13", 2164.56, -2914.12, "B", "SMD", "VCC_5V", "", "R", 11.81, 27.56, 0, 180],
		[447, "U5_14", 2184.24, -2914.12, "B", "SMD", "EN-4", "", "R", 11.81, 27.56, 0, 180],
		[448, "U5_15", 2203.93, -2914.12, "B", "SMD", "PH-4", "", "R", 11.81, 27.56, 0, 180],
		[449, "U5_16", 2223.61, -2914.12, "B", "SMD", "GND", "GND", "R", 11.81, 27.56, 0, 180],
		[450, "U5_17", 2243.3, -2914.12, "B", "SMD", "$1N5098", "", "R", 11.81, 27.56, 0, 180],
		[451, "U5_18", 2262.98, -2914.12, "B", "SMD", "MOTOR-B4", "", "R", 11.81, 27.56, 0, 180],
		[452, "U5_19", 2290.47, -2941.37, "B", "SMD", "$1N5105", "", "R", 11.81, 27.56, 0, 90],
		[453, "U5_20", 2290.47, -2961.05, "B", "SMD", "GND", "GND", "R", 11.81, 27.56, 0, 90],
		[454, "U5_21", 2290.47, -2980.74, "B", "SMD", "GND", "GND", "R", 11.81, 27.56, 0, 90],
		[455, "U5_22", 2290.47, -3000.42, "B", "SMD", "$1N5110", "", "R", 11.81, 27.56, 0, 90],
		[456, "U5_23", 2290.47, -3020.1, "B", "SMD", "MOTOR-A4", "", "R", 11.81, 27.56, 0, 90],
		[457, "U5_24", 2290.47, -3039.79, "B", "SMD", "$1N5107", "", "R", 11.81, 27.56, 0, 90],
		[458, "U5_25", 2213.74, -2990.61, "B", "SMD", "GND", "GND", "R", 102.36, 102.36, 0, 90],
		[459, "U6_1", 950.04, -185, "T", "DIP", "U6_1", "", "O", 70.87, 118.11, 90.55, 180],
		[460, "U6_1", 950.04, -185, "B", "DIP", "U6_1", "", "O", 70.87, 118.11, 90.55, 180],
		[461, "U6_2", 765, -185, "T", "DIP", "VBAT", "", "O", 70.87, 118.11, 90.55, 180],
		[462, "U6_2", 765, -185, "B", "DIP", "VBAT", "", "O", 70.87, 118.11, 90.55, 180],
		[463, "U6_3", 579.96, -185, "T", "DIP", "VCC_IN", "", "O", 70.87, 118.11, 90.55, 180],
		[464, "U6_3", 579.96, -185, "B", "DIP", "VCC_IN", "", "O", 70.87, 118.11, 90.55, 180],
		[465, "U7_1", 1374.3, -1564.33, "B", "SMD", "GND", "GND", "R", 15.75, 66.93, 0, 270],
		[466, "U7_2", 1374.3, -1589.92, "B", "SMD", "PH_IN-2", "", "R", 15.75, 66.93, 0, 270],
		[467, "U7_3", 1374.3, -1615.51, "B", "SMD", "PH-2", "", "R", 15.75, 66.93, 0, 270],
		[468, "U7_4", 1374.3, -1641.1, "B", "SMD", "GND", "GND", "R", 15.75, 66.93, 0, 270],
		[469, "U7_5", 1374.3, -1666.69, "B", "SMD", "EN_IN-2", "", "R", 15.75, 66.93, 0, 270],
		[470, "U7_6", 1374.3, -1692.28, "B", "SMD", "EN-2", "", "R", 15.75, 66.93, 0, 270],
		[471, "U7_7", 1374.3, -1717.87, "B", "SMD", "GND", "GND", "R", 15.75, 66.93, 0, 270],
		[472, "U7_8", 1153.82, -1717.87, "B", "SMD", "PH-1", "", "R", 15.75, 66.93, 0, 270],
		[473, "U7_9", 1153.82, -1692.28, "B", "SMD", "PH_IN-1", "", "R", 15.75, 66.93, 0, 270],
		[474, "U7_10", 1153.82, -1666.69, "B", "SMD", "GND", "GND", "R", 15.75, 66.93, 0, 270],
		[475, "U7_11", 1153.82, -1641.1, "B", "SMD", "EN-1", "", "R", 15.75, 66.93, 0, 270],
		[476, "U7_12", 1153.82, -1615.51, "B", "SMD", "EN_IN-1", "", "R", 15.75, 66.93, 0, 270],
		[477, "U7_13", 1153.82, -1589.92, "B", "SMD", "GND", "GND", "R", 15.75, 66.93, 0, 270],
		[478, "U7_14", 1153.82, -1564.33, "B", "SMD", "3V3", "", "R", 15.75, 66.93, 0, 270],
		[479, "U8_1", 1374.3, -2813.23, "B", "SMD", "GND", "GND", "R", 15.75, 66.93, 0, 270],
		[480, "U8_2", 1374.3, -2838.82, "B", "SMD", "PH_IN-4", "", "R", 15.75, 66.93, 0, 270],
		[481, "U8_3", 1374.3, -2864.41, "B", "SMD", "PH-4", "", "R", 15.75, 66.93, 0, 270],
		[482, "U8_4", 1374.3, -2890, "B", "SMD", "GND", "GND", "R", 15.75, 66.93, 0, 270],
		[483, "U8_5", 1374.3, -2915.59, "B", "SMD", "EN_IN-4", "", "R", 15.75, 66.93, 0, 270],
		[484, "U8_6", 1374.3, -2941.18, "B", "SMD", "EN-4", "", "R", 15.75, 66.93, 0, 270],
		[485, "U8_7", 1374.3, -2966.77, "B", "SMD", "GND", "GND", "R", 15.75, 66.93, 0, 270],
		[486, "U8_8", 1153.82, -2966.77, "B", "SMD", "PH-3", "", "R", 15.75, 66.93, 0, 270],
		[487, "U8_9", 1153.82, -2941.18, "B", "SMD", "PH_IN-3", "", "R", 15.75, 66.93, 0, 270],
		[488, "U8_10", 1153.82, -2915.59, "B", "SMD", "GND", "GND", "R", 15.75, 66.93, 0, 270],
		[489, "U8_11", 1153.82, -2890, "B", "SMD", "EN-3", "", "R", 15.75, 66.93, 0, 270],
		[490, "U8_12", 1153.82, -2864.41, "B", "SMD", "EN_IN-3", "", "R", 15.75, 66.93, 0, 270],
		[491, "U8_13", 1153.82, -2838.82, "B", "SMD", "GND", "GND", "R", 15.75, 66.93, 0, 270],
		[492, "U8_14", 1153.82, -2813.23, "B", "SMD", "3V3", "", "R", 15.75, 66.93, 0, 270],
		[493, "U41_1", 2671, -947.15, "T", "SMD", "VCC_IN", "", "R", 125.98, 45.28, 0, 90],
		[494, "U41_2", 2738, -947.15, "T", "SMD", "$1N32516", "", "R", 125.98, 45.28, 0, 90],
		[495, "U41_3", 2805, -947.15, "T", "SMD", "GND", "GND", "R", 125.98, 45.28, 0, 90],
		[496, "U41_4", 2872, -947.15, "T", "SMD", "VCC_5V", "", "R", 125.98, 45.28, 0, 90],
		[497, "U41_5", 2939, -947.15, "T", "SMD", "GND", "GND", "R", 125.98, 45.28, 0, 90],
		[498, "U41_6", 2817.5, -552.85, "T", "SMD", "GND", "GND", "P", 430, 320, 0, 90],
		[499, "U54_1", 2535, -2050, "T", "DIP", "VCC_5V", "", "R", 62, 70.87, 47.24, 270],
		[500, "U54_1", 2535, -2050, "B", "DIP", "VCC_5V", "", "R", 62, 70.87, 47.24, 270],
		[501, "U54_2", 2535, -2150, "T", "DIP", "MS11", "", "C", 70.87, 70.87, 47.24, 270],
		[502, "U54_2", 2535, -2150, "B", "DIP", "MS11", "", "C", 70.87, 70.87, 47.24, 270],
		[503, "U54_3", 2535, -2250, "T", "DIP", "GND", "GND", "C", 70.87, 70.87, 47.24, 270],
		[504, "U54_3", 2535, -2250, "B", "DIP", "GND", "GND", "C", 70.87, 70.87, 47.24, 270],
		[505, "U55_1", 2535, -2430, "T", "DIP", "VCC_5V", "", "R", 62, 70.87, 47.24, 270],
		[506, "U55_1", 2535, -2430, "B", "DIP", "VCC_5V", "", "R", 62, 70.87, 47.24, 270],
		[507, "U55_2", 2535, -2530, "T", "DIP", "MS21", "", "C", 70.87, 70.87, 47.24, 270],
		[508, "U55_2", 2535, -2530, "B", "DIP", "MS21", "", "C", 70.87, 70.87, 47.24, 270],
		[509, "U55_3", 2535, -2630, "T", "DIP", "GND", "GND", "C", 70.87, 70.87, 47.24, 270],
		[510, "U55_3", 2535, -2630, "B", "DIP", "GND", "GND", "C", 70.87, 70.87, 47.24, 270],
		[511, "U56_1", 2535, -3035, "T", "DIP", "VCC_5V", "", "R", 62, 70.87, 47.24, 270],
		[512, "U56_1", 2535, -3035, "B", "DIP", "VCC_5V", "", "R", 62, 70.87, 47.24, 270],
		[513, "U56_2", 2535, -3135, "T", "DIP", "MS12", "", "C", 70.87, 70.87, 47.24, 270],
		[514, "U56_2", 2535, -3135, "B", "DIP", "MS12", "", "C", 70.87, 70.87, 47.24, 270],
		[515, "U56_3", 2535, -3235, "T", "DIP", "GND", "GND", "C", 70.87, 70.87, 47.24, 270],
		[516, "U56_3", 2535, -3235, "B", "DIP", "GND", "GND", "C", 70.87, 70.87, 47.24, 270],
		[517, "U57_1", 2535, -3415, "T", "DIP", "VCC_5V", "", "R", 62, 70.87, 47.24, 270],
		[518, "U57_1", 2535, -3415, "B", "DIP", "VCC_5V", "", "R", 62, 70.87, 47.24, 270],
		[519, "U57_2", 2535, -3515, "T", "DIP", "MS22", "", "C", 70.87, 70.87, 47.24, 270],
		[520, "U57_2", 2535, -3515, "B", "DIP", "MS22", "", "C", 70.87, 70.87, 47.24, 270],
		[521, "U57_3", 2535, -3615, "T", "DIP", "GND", "GND", "C", 70.87, 70.87, 47.24, 270],
		[522, "U57_3", 2535, -3615, "B", "DIP", "GND", "GND", "C", 70.87, 70.87, 47.24, 270],
		[523, "U58_1", 1788.27, -333.11, "T", "DIP", "GND", "GND", "C", 149.61, 149.61, 114.17, 0],
		[524, "U58_1", 1788.27, -333.11, "B", "DIP", "GND", "GND", "C", 149.61, 149.61, 114.17, 0],
		[525, "U58_2", 2071.73, -333.11, "T", "DIP", "VBAT", "", "C", 149.61, 149.61, 114.17, 0],
		[526, "U58_2", 2071.73, -333.11, "B", "DIP", "VBAT", "", "C", 149.61, 149.61, 114.17, 0],
		[527, "U58_3", 2195.75, -96.89, "T", "DIP", "U58_3", "", "O", 47.24, 86.61, 62.99, 0],
		[528, "U58_3", 2195.75, -96.89, "B", "DIP", "U58_3", "", "O", 47.24, 86.61, 62.99, 0],
		[529, "U58_4", 1664.25, -96.89, "T", "DIP", "U58_4", "", "O", 47.24, 86.61, 62.99, 0],
		[530, "U58_4", 1664.25, -96.89, "B", "DIP", "U58_4", "", "O", 47.24, 86.61, 62.99, 0],
		[531, "U69_1", 2884.57, -1897.8, "T", "SMD", "VCC_5V", "", "R", 23.62, 39.37, 0, 90],
		[532, "U69_2", 2884.57, -1860.41, "T", "SMD", "GND", "GND", "R", 23.62, 39.37, 0, 90],
		[533, "U69_3", 2884.57, -1823.01, "T", "SMD", "VCC_5V", "", "R", 23.62, 39.37, 0, 90],
		[534, "U69_4", 2797.95, -1823, "T", "SMD", "U69_4", "", "R", 23.62, 39.37, 0, 90],
		[535, "U69_5", 2797.95, -1897.81, "T", "SMD", "3V3", "", "R", 23.62, 39.37, 0, 90],
		[536, "U70_1", 300, -599.88, "T", "SMD", "VCC_IN", "", "R", 137.79, 47.24, 0, 270],
		[537, "U70_2", 300, -810.11, "T", "SMD", "GND", "GND", "R", 137.79, 47.24, 0, 270]
	]
}
}